Value;Description;TransactionType_id;Date
29656,84;pharetra magna vestibulum aliquet ultrices erat tortor sollicitudin;2;2013-05-07
17130,58;a ipsum integer a nibh in quis justo maecenas rhoncus;1;2002-05-18
48392,34;luctus et ultrices posuere cubilia curae donec;2;2017-11-13
21350,45;quis augue luctus tincidunt nulla mollis molestie;1;2009-12-30
34404,78;vivamus vestibulum sagittis sapien cum sociis natoque penatibus et;1;2017-05-22
59338,68;in tempus sit amet sem fusce consequat nulla nisl nunc;1;2013-09-28
35903,61;non mattis pulvinar nulla pede ullamcorper augue a suscipit nulla;2;2001-09-02
75228,77;tempor turpis nec euismod scelerisque quam turpis adipiscing lorem vitae;1;2010-06-25
18121,62;tincidunt nulla mollis molestie lorem quisque;1;2012-09-15
64844,51;curae mauris viverra diam vitae quam suspendisse potenti;2;2015-08-01
73904,53;ipsum primis in faucibus orci luctus et;1;2010-10-01
692,51;ac nibh fusce lacus purus aliquet at feugiat non;1;2001-06-17
35486,61;primis in faucibus orci luctus et ultrices posuere cubilia curae;2;2002-07-24
54664,92;nulla ac enim in tempor turpis;2;2004-12-30
36785,19;nullam varius nulla facilisi cras non velit nec;1;2004-12-25
83580,15;feugiat non pretium quis lectus suspendisse potenti in eleifend quam;2;2004-10-18
71489,46;nunc proin at turpis a pede posuere nonummy;1;2001-02-23
69303,65;hac habitasse platea dictumst etiam faucibus cursus urna;2;2018-04-06
42632,73;pharetra magna ac consequat metus sapien ut;2;2015-12-21
30231,64;et tempus semper est quam pharetra magna ac;1;2008-01-22
26816,45;in faucibus orci luctus et ultrices posuere cubilia curae duis;2;2009-07-17
33360,37;donec semper sapien a libero nam dui proin leo;1;2009-09-23
823,36;nisl duis ac nibh fusce;1;2002-07-23
8921,64;tellus nulla ut erat id mauris vulputate;2;2011-07-20
49286,14;mauris non ligula pellentesque ultrices phasellus;2;2000-09-16
98885,39;aliquam erat volutpat in congue;2;2012-12-11
892,96;aliquam non mauris morbi non;2;2012-09-30
82002,61;vehicula consequat morbi a ipsum integer;1;2016-09-23
74241,69;libero quis orci nullam molestie nibh in lectus pellentesque;1;2011-11-18
5325,10;ultrices posuere cubilia curae nulla dapibus dolor vel est donec;1;2002-02-25
67980,99;turpis adipiscing lorem vitae mattis nibh;2;2012-01-06
64747,29;sit amet diam in magna bibendum imperdiet nullam orci;1;2006-10-02
29353,65;est risus auctor sed tristique in tempus sit;1;2004-05-31
70396,71;ut massa volutpat convallis morbi odio odio;2;2000-03-15
62570,47;lorem id ligula suspendisse ornare consequat lectus;1;2002-08-29
45025,48;vivamus vel nulla eget eros elementum pellentesque quisque;1;2004-06-02
26507,98;in tempor turpis nec euismod scelerisque quam turpis adipiscing lorem;1;2012-01-12
34134,68;nulla eget eros elementum pellentesque quisque;1;2004-05-20
16437,04;lobortis ligula sit amet eleifend pede;2;2011-03-07
5092,37;sem duis aliquam convallis nunc proin at turpis a;2;2011-11-19
78339,72;integer a nibh in quis justo maecenas rhoncus;2;2018-10-09
93634,11;purus sit amet nulla quisque arcu libero;2;2009-08-28
3240,73;nec condimentum neque sapien placerat;2;2014-07-02
25771,35;tortor id nulla ultrices aliquet maecenas leo odio condimentum id;1;2011-10-19
55395,78;bibendum felis sed interdum venenatis turpis enim blandit mi;1;2005-05-18
93953,72;porttitor id consequat in consequat;2;2001-12-29
71585,57;accumsan felis ut at dolor quis odio consequat;2;2010-09-19
57077,10;pede malesuada in imperdiet et commodo;2;2006-03-11
8339,13;vivamus in felis eu sapien cursus vestibulum proin;2;2015-01-13
7425,94;odio curabitur convallis duis consequat dui nec nisi;2;2000-07-19
99798,51;vulputate luctus cum sociis natoque penatibus et magnis dis;2;2016-10-13
66837,99;vestibulum velit id pretium iaculis diam erat fermentum;2;2007-12-13
65064,22;hac habitasse platea dictumst morbi vestibulum velit id pretium iaculis;1;2013-04-15
96492,39;elit sodales scelerisque mauris sit amet eros;1;2005-04-11
75395,34;ligula pellentesque ultrices phasellus id sapien;2;2013-05-31
38435,86;magna vulputate luctus cum sociis natoque penatibus et;1;2014-09-20
25061,24;aliquam quis turpis eget elit;1;2015-01-18
99690,41;vel lectus in quam fringilla rhoncus;1;2013-06-07
1116,98;fringilla rhoncus mauris enim leo;1;2013-10-05
36129,52;justo maecenas rhoncus aliquam lacus morbi quis tortor id;1;2002-10-22
30481,22;id consequat in consequat ut nulla sed;1;2003-05-10
3848,42;quis libero nullam sit amet turpis;2;2014-03-25
99582,58;in magna bibendum imperdiet nullam orci pede;1;2011-09-28
72641,54;vestibulum sed magna at nunc;2;2001-07-25
27039,97;placerat praesent blandit nam nulla integer pede justo lacinia eget;2;2007-02-03
73336,58;nulla justo aliquam quis turpis eget;1;2016-07-05
91356,07;convallis duis consequat dui nec;1;2018-08-20
44213,72;integer tincidunt ante vel ipsum praesent blandit lacinia erat vestibulum;1;2007-03-01
81734,63;sit amet sapien dignissim vestibulum vestibulum ante ipsum primis in;1;2010-09-04
6446,14;ut tellus nulla ut erat id mauris;1;2012-06-01
22574,28;praesent blandit nam nulla integer pede;1;2018-10-22
25351,16;tellus nisi eu orci mauris lacinia;2;2000-06-04
40836,69;luctus et ultrices posuere cubilia curae;1;2008-09-01
86303,33;et magnis dis parturient montes nascetur ridiculus mus etiam;2;2010-03-26
61300,01;morbi odio odio elementum eu interdum eu tincidunt;2;2012-10-04
54872,96;mattis egestas metus aenean fermentum donec;2;2009-09-22
2791,03;id massa id nisl venenatis lacinia aenean;1;2010-12-19
77135,48;in quam fringilla rhoncus mauris enim leo rhoncus;1;2015-05-06
65920,12;vestibulum vestibulum ante ipsum primis in faucibus;1;2010-06-01
7079,33;sed augue aliquam erat volutpat in;2;2005-03-17
49132,80;aliquam erat volutpat in congue etiam justo etiam;1;2006-08-13
73658,82;in est risus auctor sed tristique in tempus;2;2002-08-19
77978,09;vulputate luctus cum sociis natoque penatibus et;2;2018-12-27
73590,01;nisi venenatis tristique fusce congue;2;2003-05-26
2839,87;amet lobortis sapien sapien non mi integer ac;2;2014-06-26
99421,76;dui vel nisl duis ac;1;2006-07-02
28222,34;eget eros elementum pellentesque quisque porta volutpat;2;2015-09-18
32244,99;enim sit amet nunc viverra dapibus nulla suscipit;2;2016-09-19
92862,70;cum sociis natoque penatibus et magnis;2;2011-04-21
33313,55;turpis donec posuere metus vitae ipsum aliquam;2;2015-10-23
86154,87;ultrices vel augue vestibulum ante ipsum primis in faucibus orci;2;2002-01-07
2161,62;dictumst maecenas ut massa quis augue luctus tincidunt;2;2008-07-04
33327,85;vestibulum ante ipsum primis in faucibus orci luctus;2;2011-10-14
77296,33;turpis enim blandit mi in porttitor pede;1;2002-04-05
68586,28;convallis eget eleifend luctus ultricies eu nibh quisque id;1;2018-12-25
32686,27;donec semper sapien a libero nam dui proin;1;2010-01-05
93092,27;elit sodales scelerisque mauris sit amet eros suspendisse accumsan;1;2018-03-27
24123,26;sed lacus morbi sem mauris laoreet ut rhoncus aliquet;1;2009-04-11
26463,25;massa quis augue luctus tincidunt nulla;1;2005-02-12
24366,75;odio condimentum id luctus nec molestie;2;2011-08-14
9223,29;neque aenean auctor gravida sem praesent id massa;2;2017-04-26
79196,97;eros vestibulum ac est lacinia nisi venenatis;2;2012-09-17
11844,10;platea dictumst morbi vestibulum velit id pretium iaculis diam erat;2;2016-03-20
35263,65;ipsum primis in faucibus orci luctus et ultrices posuere;2;2006-12-19
12298,09;tempor convallis nulla neque libero convallis eget eleifend luctus;1;2010-05-25
19049,41;euismod scelerisque quam turpis adipiscing lorem;1;2002-10-01
80409,28;donec diam neque vestibulum eget vulputate ut ultrices vel;2;2003-03-30
47287,38;cras pellentesque volutpat dui maecenas tristique est et;1;2012-05-14
50999,78;morbi vestibulum velit id pretium iaculis diam erat fermentum;1;2015-01-31
33938,09;viverra eget congue eget semper;2;2010-08-14
23058,91;aliquet maecenas leo odio condimentum id;1;2011-03-23
80061,58;felis ut at dolor quis odio;2;2007-02-27
88611,33;felis donec semper sapien a libero nam dui;1;2006-04-28
1074,31;in faucibus orci luctus et ultrices posuere cubilia curae;2;2016-12-18
52484,12;nulla integer pede justo lacinia;1;2002-11-23
96835,66;odio in hac habitasse platea;2;2004-12-13
98615,56;proin interdum mauris non ligula pellentesque ultrices phasellus;2;2012-04-15
71648,13;velit donec diam neque vestibulum eget;2;2017-05-28
58914,62;dui proin leo odio porttitor id consequat in consequat ut;1;2007-11-18
55599,45;rutrum rutrum neque aenean auctor;2;2015-06-14
57666,67;integer ac leo pellentesque ultrices mattis odio donec;1;2006-02-02
541,11;velit id pretium iaculis diam erat fermentum justo;1;2017-02-20
47348,92;tincidunt eget tempus vel pede morbi porttitor lorem id ligula;2;2003-01-01
3346,12;ipsum praesent blandit lacinia erat;2;2006-09-02
56916,90;cras mi pede malesuada in imperdiet et;1;2011-05-11
15176,79;viverra dapibus nulla suscipit ligula in lacus curabitur at ipsum;2;2018-04-04
13848,36;elit proin interdum mauris non ligula pellentesque ultrices;2;2012-06-13
51405,18;pellentesque at nulla suspendisse potenti cras in purus;2;2007-07-31
79324,24;ut nunc vestibulum ante ipsum;2;2000-08-15
76956,60;ut massa quis augue luctus tincidunt nulla;2;2000-06-01
40689,57;nibh in hac habitasse platea dictumst aliquam;2;2011-07-24
69602,10;adipiscing elit proin risus praesent;2;2007-09-08
60380,09;diam in magna bibendum imperdiet;1;2002-09-18
4879,89;dolor vel est donec odio;2;2004-07-03
74793,84;nulla nisl nunc nisl duis bibendum felis sed;2;2016-12-09
64969,26;dolor quis odio consequat varius integer;2;2004-06-03
42546,68;at nibh in hac habitasse;2;2010-10-15
20123,01;turpis donec posuere metus vitae;2;2001-07-28
73800,77;lacus at velit vivamus vel nulla eget;2;2000-03-23
90218,52;tellus semper interdum mauris ullamcorper purus sit amet nulla quisque;2;2016-11-10
25758,81;imperdiet nullam orci pede venenatis non;1;2012-09-07
56444,66;sapien in sapien iaculis congue vivamus metus arcu adipiscing molestie;1;2008-08-14
18931,87;velit id pretium iaculis diam erat fermentum justo nec;1;2005-03-29
93287,48;nisl nunc nisl duis bibendum felis sed interdum;1;2001-04-08
48450,04;nec condimentum neque sapien placerat ante nulla justo aliquam quis;2;2004-02-29
12039,24;aliquam lacus morbi quis tortor;1;2008-07-05
21941,62;ultrices aliquet maecenas leo odio condimentum id luctus;1;2000-04-20
20262,21;vel accumsan tellus nisi eu orci mauris lacinia sapien;2;2010-07-28
77387,36;augue vestibulum rutrum rutrum neque aenean auctor;1;2006-09-18
431,87;sem duis aliquam convallis nunc;2;2015-10-05
48277,81;suspendisse potenti cras in purus eu magna;2;2013-03-08
54278,75;nulla ultrices aliquet maecenas leo odio condimentum;2;2009-02-09
53805,68;lacus at velit vivamus vel nulla eget eros elementum pellentesque;2;2007-05-19
29512,70;a feugiat et eros vestibulum ac est lacinia nisi;1;2007-05-17
25882,85;ut nulla sed accumsan felis ut;1;2009-10-12
80839,25;lacus purus aliquet at feugiat non pretium;2;2009-12-30
59789,69;eu interdum eu tincidunt in leo maecenas pulvinar lobortis est;1;2004-10-01
66872,82;tristique in tempus sit amet sem fusce;1;2006-05-04
11134,84;ut blandit non interdum in ante;2;2011-11-27
30220,92;vivamus metus arcu adipiscing molestie hendrerit;2;2006-04-07
11653,51;ultrices phasellus id sapien in sapien;2;2001-10-12
72179,19;id justo sit amet sapien dignissim vestibulum;1;2009-08-18
40862,83;et eros vestibulum ac est lacinia nisi venenatis tristique;2;2016-04-06
47458,07;arcu adipiscing molestie hendrerit at vulputate vitae nisl;1;2003-05-08
16327,11;curabitur convallis duis consequat dui nec nisi volutpat eleifend;2;2002-04-06
87991,82;volutpat in congue etiam justo etiam pretium iaculis justo;1;2012-09-09
10181,69;dui nec nisi volutpat eleifend donec ut;1;2000-06-21
44830,07;lectus in est risus auctor sed tristique in tempus sit;1;2006-02-18
39098,00;morbi ut odio cras mi;1;2017-01-22
55816,52;placerat ante nulla justo aliquam quis;2;2018-05-04
26139,71;interdum in ante vestibulum ante;2;2015-07-05
19254,95;orci luctus et ultrices posuere cubilia curae mauris viverra diam;2;2018-01-07
92404,65;primis in faucibus orci luctus et ultrices;1;2001-08-26
36707,70;aliquam quis turpis eget elit sodales scelerisque mauris sit;2;2008-05-17
50137,91;consequat morbi a ipsum integer a nibh in quis justo;2;2014-06-18
44917,34;pretium quis lectus suspendisse potenti in eleifend quam;1;2015-07-07
14849,97;sed augue aliquam erat volutpat in congue etiam justo;1;2006-06-14
37741,29;semper sapien a libero nam dui proin leo;1;2005-02-20
89546,86;justo in blandit ultrices enim lorem ipsum;2;2008-12-01
88082,60;maecenas rhoncus aliquam lacus morbi quis tortor id nulla ultrices;1;2004-03-28
64636,28;euismod scelerisque quam turpis adipiscing lorem;2;2018-11-26
48288,92;augue vestibulum rutrum rutrum neque;2;2016-03-20
62737,83;lectus pellentesque eget nunc donec quis orci eget;2;2018-04-08
45520,87;volutpat in congue etiam justo etiam pretium;2;2008-10-04
52434,76;morbi odio odio elementum eu interdum;1;2014-07-20
82386,10;nulla elit ac nulla sed vel enim;1;2013-08-03
89023,80;id massa id nisl venenatis lacinia;2;2016-03-01
24901,62;purus eu magna vulputate luctus;1;2008-11-06
98637,46;blandit non interdum in ante vestibulum;1;2001-06-12
37386,09;praesent blandit nam nulla integer pede justo;1;2010-02-16
40673,91;fusce lacus purus aliquet at feugiat non pretium;2;2009-08-05
78087,32;nulla integer pede justo lacinia eget tincidunt eget;1;2015-07-10
30235,38;etiam justo etiam pretium iaculis justo in hac;1;2018-10-05
53757,14;vitae ipsum aliquam non mauris morbi non lectus aliquam sit;1;2000-06-17
37301,42;quam sapien varius ut blandit non interdum in ante;2;2007-04-07
95694,20;ultrices posuere cubilia curae duis faucibus;1;2011-11-23
1232,89;nunc proin at turpis a;2;2008-05-15
80279,11;nec nisi vulputate nonummy maecenas tincidunt lacus at;2;2005-12-23
58381,43;felis sed lacus morbi sem mauris laoreet ut rhoncus;2;2006-01-16
66303,96;turpis nec euismod scelerisque quam turpis adipiscing;1;2003-05-25
81227,91;curabitur at ipsum ac tellus semper interdum mauris ullamcorper purus;2;2013-07-29
91697,39;sollicitudin mi sit amet lobortis;2;2002-11-04
959,53;tellus nulla ut erat id mauris vulputate elementum nullam varius;1;2012-04-21
86767,28;pede venenatis non sodales sed tincidunt eu felis fusce posuere;1;2015-01-26
64622,06;tellus semper interdum mauris ullamcorper purus sit amet;2;2010-10-27
72247,10;nullam sit amet turpis elementum ligula vehicula;2;2005-08-31
36203,16;eget nunc donec quis orci eget orci vehicula condimentum;1;2014-07-19
97862,02;morbi quis tortor id nulla ultrices aliquet;2;2015-03-03
9223,90;montes nascetur ridiculus mus etiam vel augue;2;2002-11-26
242,48;tellus semper interdum mauris ullamcorper purus sit amet;1;2011-04-05
87176,47;morbi quis tortor id nulla ultrices;1;2018-05-09
35788,15;lacus morbi sem mauris laoreet ut rhoncus aliquet pulvinar;2;2017-04-26
46,86;risus praesent lectus vestibulum quam sapien varius;2;2016-02-03
10663,41;amet sem fusce consequat nulla nisl nunc nisl duis bibendum;2;2014-10-09
86534,48;id lobortis convallis tortor risus dapibus augue vel accumsan tellus;1;2009-05-22
95025,28;odio cras mi pede malesuada in imperdiet;2;2004-04-11
16958,28;egestas metus aenean fermentum donec ut mauris;2;2013-08-30
53377,73;feugiat non pretium quis lectus suspendisse potenti in;1;2006-06-29
82664,64;porttitor lorem id ligula suspendisse ornare consequat;2;2006-03-26
2676,24;aenean lectus pellentesque eget nunc;1;2009-01-28
77985,08;elementum eu interdum eu tincidunt in leo;2;2008-07-01
82951,14;velit id pretium iaculis diam erat;2;2008-06-13
68938,56;eget eleifend luctus ultricies eu nibh quisque id justo sit;2;2001-08-10
38321,06;sit amet consectetuer adipiscing elit;2;2002-08-26
3548,47;proin at turpis a pede posuere nonummy integer non velit;2;2018-10-05
33398,04;diam neque vestibulum eget vulputate ut ultrices;1;2001-05-15
55792,48;eget congue eget semper rutrum nulla nunc;2;2015-11-26
23036,52;sit amet sem fusce consequat nulla nisl nunc nisl;2;2008-05-01
87422,47;viverra dapibus nulla suscipit ligula in lacus curabitur at;2;2014-12-05
67512,26;ultrices libero non mattis pulvinar nulla pede ullamcorper;2;2002-04-26
86618,26;viverra eget congue eget semper rutrum nulla nunc purus phasellus;2;2002-09-12
18783,06;penatibus et magnis dis parturient montes nascetur;1;2010-12-19
53831,37;at turpis a pede posuere nonummy integer;2;2006-12-25
904,72;cras mi pede malesuada in imperdiet et commodo;1;2004-10-04
15267,00;sapien dignissim vestibulum vestibulum ante ipsum;1;2003-07-30
35061,39;dignissim vestibulum vestibulum ante ipsum primis in;1;2005-09-10
1152,22;justo maecenas rhoncus aliquam lacus morbi quis tortor id nulla;1;2009-07-14
52704,83;euismod scelerisque quam turpis adipiscing lorem vitae mattis nibh;2;2018-10-08
50785,27;sed interdum venenatis turpis enim blandit;1;2006-09-27
18179,33;odio donec vitae nisi nam;1;2017-10-29
47337,60;risus semper porta volutpat quam pede;2;2007-08-31
86391,95;non ligula pellentesque ultrices phasellus id sapien in sapien;2;2008-03-05
26051,58;orci luctus et ultrices posuere cubilia curae nulla dapibus dolor;1;2016-04-06
57489,13;semper interdum mauris ullamcorper purus;2;2004-07-27
99872,87;suscipit ligula in lacus curabitur;2;2011-07-24
28385,41;ornare imperdiet sapien urna pretium nisl;1;2001-07-21
66802,80;vulputate ut ultrices vel augue vestibulum ante;1;2000-07-17
40613,31;turpis eget elit sodales scelerisque mauris;2;2005-12-27
82143,49;ultrices posuere cubilia curae nulla dapibus dolor vel est donec;2;2006-02-08
73031,83;metus arcu adipiscing molestie hendrerit at vulputate vitae;1;2009-11-17
74741,72;justo etiam pretium iaculis justo in hac habitasse platea;2;2017-09-01
94576,45;venenatis turpis enim blandit mi in porttitor pede;2;2013-07-29
10657,09;ligula suspendisse ornare consequat lectus in est risus;1;2014-03-12
6636,82;nisl venenatis lacinia aenean sit;1;2004-08-06
68815,45;platea dictumst morbi vestibulum velit id pretium iaculis;1;2008-11-11
3091,56;lectus in est risus auctor sed tristique in;2;2002-12-07
28517,04;posuere nonummy integer non velit donec diam neque;2;2009-06-20
31086,15;enim in tempor turpis nec euismod scelerisque;1;2004-03-25
15328,25;nibh quisque id justo sit amet sapien dignissim vestibulum vestibulum;2;2017-05-20
35580,34;mauris lacinia sapien quis libero nullam sit;1;2018-03-25
81795,78;commodo vulputate justo in blandit ultrices enim lorem ipsum;1;2017-02-09
834,90;proin eu mi nulla ac enim in tempor;1;2002-03-14
46751,38;at nulla suspendisse potenti cras in purus eu magna vulputate;2;2008-06-25
40894,45;nec dui luctus rutrum nulla tellus in sagittis dui vel;2;2017-02-27
30693,00;accumsan tellus nisi eu orci mauris lacinia;2;2009-06-04
19170,61;sit amet consectetuer adipiscing elit proin interdum mauris non;2;2013-05-02
36076,27;mauris ullamcorper purus sit amet nulla;1;2007-12-01
48284,07;egestas metus aenean fermentum donec ut;1;2005-02-06
11619,45;in lacus curabitur at ipsum ac;1;2010-05-20
24178,80;nisl venenatis lacinia aenean sit amet;1;2016-04-01
50779,40;consectetuer adipiscing elit proin risus praesent;2;2013-03-16
15744,86;faucibus orci luctus et ultrices posuere cubilia curae;2;2002-07-22
27861,86;interdum venenatis turpis enim blandit mi;1;2017-03-08
94883,91;eu nibh quisque id justo sit;2;2018-04-24
88028,80;justo maecenas rhoncus aliquam lacus morbi quis tortor id nulla;2;2006-10-06
50833,34;potenti in eleifend quam a odio in hac habitasse platea;1;2015-12-17
7145,45;lectus pellentesque eget nunc donec quis orci eget orci;2;2009-09-16
77945,47;eleifend luctus ultricies eu nibh quisque id justo sit amet;1;2006-06-04
76942,90;eleifend quam a odio in hac habitasse platea dictumst;2;2012-08-14
85623,90;in ante vestibulum ante ipsum primis;2;2005-09-11
18807,43;at turpis a pede posuere;2;2005-09-29
67628,35;vivamus tortor duis mattis egestas;2;2012-06-16
88055,89;vel lectus in quam fringilla rhoncus mauris enim leo;1;2000-10-06
38103,08;vestibulum sagittis sapien cum sociis natoque penatibus;1;2007-08-01
73135,43;in tempus sit amet sem fusce consequat nulla nisl;2;2003-06-20
61083,24;ipsum primis in faucibus orci luctus et ultrices posuere;2;2009-05-20
87119,72;in eleifend quam a odio in hac;2;2012-04-19
43770,93;morbi non lectus aliquam sit amet diam in magna;1;2016-02-25
73699,64;massa donec dapibus duis at velit;2;2017-05-20
5589,28;lacus purus aliquet at feugiat non;1;2008-12-11
3776,05;eu est congue elementum in;1;2004-10-15
94915,44;auctor gravida sem praesent id massa id;2;2004-03-11
52927,37;rutrum rutrum neque aenean auctor gravida sem;2;2003-11-23
44999,58;augue aliquam erat volutpat in;2;2003-07-15
14285,85;id sapien in sapien iaculis congue vivamus;2;2014-08-17
94537,71;nulla nisl nunc nisl duis bibendum felis;2;2003-04-25
19688,14;vel accumsan tellus nisi eu orci mauris lacinia;1;2018-02-24
22497,77;iaculis justo in hac habitasse platea dictumst etiam;1;2010-07-23
58315,08;elementum eu interdum eu tincidunt in leo;2;2018-11-29
27057,32;rhoncus aliquam lacus morbi quis tortor;2;2015-08-06
64570,21;a nibh in quis justo maecenas rhoncus;1;2005-11-20
28866,26;metus sapien ut nunc vestibulum ante ipsum primis;1;2005-07-10
97208,65;nec euismod scelerisque quam turpis adipiscing lorem vitae mattis;2;2006-04-26
4239,99;mauris lacinia sapien quis libero nullam sit amet;2;2015-01-10
89759,60;aenean sit amet justo morbi ut odio cras mi pede;2;2009-06-15
95117,42;elementum eu interdum eu tincidunt in leo maecenas pulvinar;1;2017-07-23
21300,47;massa tempor convallis nulla neque libero convallis eget;2;2016-09-29
94855,93;odio odio elementum eu interdum eu tincidunt in leo maecenas;1;2016-08-06
34698,07;vivamus tortor duis mattis egestas metus aenean;1;2010-08-14
38870,87;vulputate luctus cum sociis natoque penatibus et;2;2010-07-07
78244,48;quisque id justo sit amet sapien dignissim vestibulum vestibulum;2;2007-11-07
86873,32;metus arcu adipiscing molestie hendrerit at vulputate vitae nisl aenean;1;2013-03-24
79477,30;vestibulum ante ipsum primis in faucibus orci luctus;2;2000-04-04
75577,82;vitae consectetuer eget rutrum at lorem integer tincidunt;1;2017-05-07
26756,96;non pretium quis lectus suspendisse potenti in eleifend quam a;2;2005-08-12
38628,60;ac tellus semper interdum mauris ullamcorper purus sit amet;1;2005-12-23
24961,17;massa donec dapibus duis at velit eu;2;2006-02-15
22615,99;mauris eget massa tempor convallis;1;2013-12-31
50593,65;venenatis turpis enim blandit mi in;1;2006-05-10
51593,02;eget semper rutrum nulla nunc purus phasellus in;2;2017-01-18
50208,70;justo sollicitudin ut suscipit a feugiat et eros vestibulum ac;1;2009-02-28
16141,35;donec vitae nisi nam ultrices libero non;1;2016-04-20
55998,65;hac habitasse platea dictumst etiam faucibus cursus;1;2011-11-06
10280,22;nec nisi volutpat eleifend donec ut dolor morbi vel;1;2006-01-08
59276,48;cum sociis natoque penatibus et magnis;1;2007-01-03
49665,57;in purus eu magna vulputate luctus;2;2016-12-10
73325,30;nulla integer pede justo lacinia eget;2;2001-07-01
76361,00;neque aenean auctor gravida sem praesent id massa id nisl;2;2016-07-25
18624,09;dolor vel est donec odio justo sollicitudin ut suscipit;2;2002-08-02
90736,45;in tempor turpis nec euismod scelerisque;2;2010-12-27
15477,83;justo maecenas rhoncus aliquam lacus morbi quis tortor id nulla;2;2011-04-25
24534,60;justo pellentesque viverra pede ac;1;2018-03-09
26392,06;sapien varius ut blandit non interdum in;1;2016-01-07
11568,94;lobortis est phasellus sit amet;2;2000-05-19
31080,87;neque aenean auctor gravida sem praesent id massa;1;2002-07-04
10877,83;nisl duis bibendum felis sed;2;2012-02-20
25311,37;id ligula suspendisse ornare consequat lectus;2;2001-07-12
47248,71;lobortis est phasellus sit amet erat nulla tempus vivamus;1;2002-10-08
90891,30;dictumst aliquam augue quam sollicitudin vitae;1;2015-09-21
56167,70;sit amet sapien dignissim vestibulum;2;2000-06-15
22470,06;curabitur gravida nisi at nibh in;2;2010-08-01
85627,35;ligula vehicula consequat morbi a ipsum integer a nibh;1;2005-07-07
17129,46;pellentesque at nulla suspendisse potenti cras in;2;2003-03-28
53790,81;augue vestibulum ante ipsum primis in faucibus orci luctus et;1;2009-11-02
25120,94;nullam molestie nibh in lectus;1;2001-08-07
35061,69;dapibus augue vel accumsan tellus nisi eu orci mauris;1;2008-04-17
40168,61;montes nascetur ridiculus mus etiam vel;1;2014-07-03
11933,37;mi integer ac neque duis bibendum morbi non quam;2;2003-06-21
53597,32;augue vestibulum ante ipsum primis in faucibus orci luctus;2;2001-11-23
96415,06;libero non mattis pulvinar nulla pede ullamcorper;1;2010-05-31
11880,71;mi integer ac neque duis;1;2009-11-12
59974,72;ac neque duis bibendum morbi non quam;2;2013-08-01
94474,22;congue risus semper porta volutpat quam;1;2014-05-05
85788,29;curae mauris viverra diam vitae quam suspendisse potenti;1;2014-07-13
83755,00;morbi vel lectus in quam fringilla rhoncus;1;2011-06-06
32221,46;ut odio cras mi pede malesuada in imperdiet;2;2001-07-05
97897,66;nulla nisl nunc nisl duis bibendum;1;2010-06-06
24237,48;in tempus sit amet sem fusce consequat nulla nisl;2;2001-03-23
70359,99;convallis morbi odio odio elementum;2;2013-11-28
50077,18;nisl duis ac nibh fusce lacus purus;1;2008-01-15
54526,80;mi integer ac neque duis bibendum morbi non;2;2014-03-15
15539,10;turpis nec euismod scelerisque quam turpis adipiscing lorem vitae;1;2011-08-01
43133,68;magna at nunc commodo placerat;1;2016-07-13
40982,94;augue a suscipit nulla elit ac nulla sed vel enim;2;2006-05-21
40772,70;ligula vehicula consequat morbi a ipsum integer a nibh;1;2018-06-18
74139,94;vel pede morbi porttitor lorem id ligula suspendisse ornare;1;2012-06-04
3363,49;et tempus semper est quam pharetra magna;2;2008-11-08
48606,60;augue aliquam erat volutpat in congue etiam justo etiam;2;2012-08-01
94947,85;nec molestie sed justo pellentesque viverra pede ac diam cras;1;2008-09-12
65204,74;pede ac diam cras pellentesque;1;2006-01-25
92371,53;venenatis non sodales sed tincidunt eu felis fusce posuere felis;2;2000-06-14
70387,37;justo pellentesque viverra pede ac diam cras pellentesque;1;2009-09-11
6527,06;interdum in ante vestibulum ante ipsum primis;2;2015-03-23
68194,24;justo nec condimentum neque sapien placerat ante nulla;1;2000-07-08
17844,47;morbi porttitor lorem id ligula suspendisse ornare consequat;1;2003-06-15
4003,29;sapien non mi integer ac neque duis bibendum;1;2013-07-18
7788,32;iaculis justo in hac habitasse platea dictumst etiam faucibus;1;2011-11-20
13439,44;at nunc commodo placerat praesent blandit nam nulla integer;1;2009-09-11
92751,02;ligula pellentesque ultrices phasellus id sapien in sapien;1;2013-01-03
1213,43;ultrices mattis odio donec vitae nisi;2;2011-09-27
96796,84;nunc donec quis orci eget orci vehicula condimentum curabitur;1;2010-04-26
93421,33;molestie sed justo pellentesque viverra pede ac;1;2016-01-05
29330,79;amet nulla quisque arcu libero rutrum ac;1;2016-04-06
75821,03;nascetur ridiculus mus vivamus vestibulum sagittis sapien cum sociis;1;2015-05-04
83585,92;tellus semper interdum mauris ullamcorper purus sit amet;2;2013-04-18
67855,76;curae mauris viverra diam vitae quam suspendisse potenti nullam porttitor;1;2001-03-21
77361,07;nulla nisl nunc nisl duis bibendum felis sed interdum;2;2003-09-13
98314,10;leo odio porttitor id consequat in consequat ut nulla;2;2004-09-22
38613,97;elementum nullam varius nulla facilisi cras;1;2008-04-26
39508,93;quam pede lobortis ligula sit amet eleifend pede libero;1;2000-01-08
83773,14;justo lacinia eget tincidunt eget;1;2010-05-19
66562,67;vestibulum sed magna at nunc commodo placerat praesent;1;2008-10-26
82962,84;et eros vestibulum ac est lacinia nisi;1;2000-11-17
95821,55;quis augue luctus tincidunt nulla mollis molestie lorem quisque ut;1;2004-10-13
842,87;scelerisque mauris sit amet eros suspendisse;1;2008-02-12
88620,27;in faucibus orci luctus et ultrices posuere;1;2001-06-30
25771,41;non mi integer ac neque duis bibendum;1;2003-01-15
27633,66;mi sit amet lobortis sapien sapien non mi integer ac;1;2004-09-09
21474,76;nulla facilisi cras non velit nec nisi vulputate;2;2005-09-15
64664,86;interdum mauris ullamcorper purus sit amet nulla quisque arcu libero;1;2007-07-02
46605,66;eros suspendisse accumsan tortor quis turpis sed ante;1;2016-04-24
89495,62;sit amet sapien dignissim vestibulum vestibulum ante ipsum primis;1;2008-07-19
50580,60;sodales sed tincidunt eu felis fusce posuere felis sed lacus;1;2016-01-28
18605,75;justo in blandit ultrices enim;2;2004-03-14
70182,75;condimentum id luctus nec molestie sed justo pellentesque viverra pede;2;2015-06-16
15727,51;ut tellus nulla ut erat;1;2014-04-20
31049,42;elementum in hac habitasse platea dictumst;1;2002-06-25
94141,65;ut mauris eget massa tempor convallis nulla neque;2;2014-10-02
30841,42;eget rutrum at lorem integer tincidunt ante vel ipsum praesent;2;2010-07-22
61840,45;sagittis nam congue risus semper porta volutpat quam pede lobortis;1;2013-07-12
72617,33;justo eu massa donec dapibus duis at velit;1;2001-07-17
55822,97;aliquam quis turpis eget elit sodales;1;2015-07-06
42821,64;massa quis augue luctus tincidunt;1;2013-04-16
59314,36;nulla pede ullamcorper augue a suscipit;1;2001-06-12
16174,34;vel lectus in quam fringilla rhoncus mauris enim;2;2008-07-14
81148,51;a libero nam dui proin leo odio;1;2015-10-18
25370,17;vehicula condimentum curabitur in libero ut;2;2013-12-09
47441,56;diam neque vestibulum eget vulputate ut ultrices;2;2001-08-15
36909,18;rutrum ac lobortis vel dapibus at;2;2016-02-08
55635,72;eleifend pede libero quis orci nullam molestie nibh in;1;2001-08-31
76541,05;duis mattis egestas metus aenean fermentum donec ut mauris eget;2;2002-05-11
77363,97;libero nam dui proin leo;2;2001-02-23
18085,63;dolor vel est donec odio justo sollicitudin ut suscipit a;2;2012-04-02
38371,95;erat quisque erat eros viverra eget congue;1;2016-03-23
97524,28;vel ipsum praesent blandit lacinia erat vestibulum sed magna at;2;2002-07-23
40065,37;in lectus pellentesque at nulla suspendisse potenti;2;2007-01-02
38358,36;vestibulum ante ipsum primis in faucibus orci luctus et;2;2012-03-29
40923,97;massa id nisl venenatis lacinia aenean sit;1;2012-04-02
90507,66;congue risus semper porta volutpat quam pede lobortis;2;2000-01-26
8540,57;quisque porta volutpat erat quisque erat eros viverra eget;2;2006-02-26
81212,91;ut rhoncus aliquet pulvinar sed;2;2017-01-28
52837,30;nunc donec quis orci eget orci vehicula;2;2013-01-20
99632,60;ultrices enim lorem ipsum dolor sit;1;2015-12-06
58413,70;montes nascetur ridiculus mus vivamus vestibulum sagittis sapien cum;2;2017-01-22
42351,42;sapien quis libero nullam sit amet turpis elementum ligula vehicula;1;2011-07-08
83574,59;odio odio elementum eu interdum eu tincidunt in leo;2;2008-09-07
22153,46;pede posuere nonummy integer non velit donec;2;2016-07-14
591,34;sodales sed tincidunt eu felis fusce;1;2000-06-20
86327,65;libero convallis eget eleifend luctus ultricies eu nibh quisque id;1;2012-06-05
69077,50;nibh in hac habitasse platea dictumst aliquam augue;2;2017-08-13
1720,33;porta volutpat erat quisque erat eros viverra eget congue eget;1;2004-10-18
86741,55;libero non mattis pulvinar nulla pede ullamcorper;1;2006-05-11
16227,43;adipiscing elit proin risus praesent lectus vestibulum quam sapien;1;2018-07-30
41182,35;ligula sit amet eleifend pede;1;2018-11-19
15789,46;dis parturient montes nascetur ridiculus mus etiam vel;1;2003-10-03
63987,12;non mi integer ac neque;2;2009-03-31
98918,11;vel augue vestibulum rutrum rutrum neque aenean auctor;1;2001-09-02
76496,35;ipsum ac tellus semper interdum mauris;2;2000-05-04
20172,91;lectus suspendisse potenti in eleifend quam;1;2013-07-04
27996,01;quisque porta volutpat erat quisque erat eros viverra eget congue;1;2015-07-23
74179,79;justo etiam pretium iaculis justo in hac habitasse platea;1;2016-08-01
43520,57;diam erat fermentum justo nec;1;2015-01-08
38496,74;nunc donec quis orci eget orci vehicula condimentum curabitur in;2;2009-01-14
76812,48;at turpis donec posuere metus vitae;1;2003-02-23
37937,10;primis in faucibus orci luctus et ultrices posuere cubilia;1;2007-11-25
72208,12;a pede posuere nonummy integer non;1;2013-06-08
70772,96;justo nec condimentum neque sapien placerat ante nulla justo aliquam;2;2006-03-19
13202,81;enim sit amet nunc viverra dapibus nulla;1;2013-01-14
59149,81;vestibulum ante ipsum primis in faucibus;2;2004-05-01
50405,20;sapien urna pretium nisl ut volutpat sapien arcu;2;2002-04-19
55917,41;dolor vel est donec odio justo sollicitudin ut suscipit a;2;2001-03-24
60765,77;sapien dignissim vestibulum vestibulum ante ipsum primis in faucibus;2;2008-08-06
36591,63;diam cras pellentesque volutpat dui maecenas tristique est et;2;2018-02-13
30690,36;morbi non quam nec dui;2;2011-06-29
57685,55;metus aenean fermentum donec ut;2;2012-11-02
11899,09;tristique est et tempus semper;2;2002-06-02
33995,91;aliquet maecenas leo odio condimentum id luctus nec molestie;1;2004-03-31
66733,28;sed augue aliquam erat volutpat in congue;2;2012-12-18
13609,43;id nulla ultrices aliquet maecenas leo odio;2;2011-06-20
89074,57;sapien varius ut blandit non interdum in ante;2;2006-04-20
29353,96;pede libero quis orci nullam molestie nibh in lectus;1;2007-03-19
96350,50;ac tellus semper interdum mauris ullamcorper purus sit amet;1;2000-06-22
54810,05;pellentesque at nulla suspendisse potenti cras;1;2001-03-17
76641,05;integer non velit donec diam;2;2009-10-06
73081,67;vestibulum ante ipsum primis in;2;2002-12-31
1379,93;lacus purus aliquet at feugiat;2;2016-05-14
68724,57;malesuada in imperdiet et commodo vulputate justo in blandit ultrices;1;2005-03-25
36849,74;sapien dignissim vestibulum vestibulum ante ipsum primis;2;2013-04-19
99538,01;sapien sapien non mi integer ac neque;1;2003-04-11
64142,10;phasellus id sapien in sapien iaculis congue vivamus metus;2;2014-01-19
7115,63;vestibulum proin eu mi nulla ac enim in;2;2002-09-05
705,63;diam cras pellentesque volutpat dui;2;2010-07-06
79955,27;rutrum at lorem integer tincidunt ante;2;2018-02-20
5658,68;donec ut mauris eget massa tempor;2;2000-05-15
90649,96;condimentum id luctus nec molestie sed justo;1;2016-12-21
75615,88;felis fusce posuere felis sed lacus morbi;1;2009-01-03
47987,97;elit sodales scelerisque mauris sit amet eros suspendisse accumsan tortor;1;2004-06-06
18139,62;volutpat sapien arcu sed augue aliquam erat volutpat in;1;2013-01-26
9995,82;amet sem fusce consequat nulla nisl nunc;1;2010-12-13
49877,82;nulla quisque arcu libero rutrum ac lobortis vel;1;2005-11-17
93797,92;integer tincidunt ante vel ipsum praesent blandit;2;2009-10-09
20637,52;non lectus aliquam sit amet diam in magna bibendum;1;2012-09-12
71030,39;sapien dignissim vestibulum vestibulum ante;1;2012-08-22
68463,52;sapien ut nunc vestibulum ante ipsum primis in faucibus orci;2;2007-09-26
14555,13;ipsum primis in faucibus orci;1;2017-01-18
84520,06;sed vel enim sit amet nunc viverra dapibus nulla suscipit;2;2018-03-04
83117,55;dui nec nisi volutpat eleifend donec ut dolor;2;2004-03-09
34649,51;est lacinia nisi venenatis tristique fusce;1;2006-03-02
89298,18;eleifend donec ut dolor morbi;2;2008-07-05
45963,08;at feugiat non pretium quis lectus suspendisse;1;2006-01-04
55231,92;nisl nunc rhoncus dui vel sem;2;2009-07-02
50946,25;mauris eget massa tempor convallis nulla neque libero;1;2001-04-14
28334,64;quis turpis sed ante vivamus tortor duis mattis egestas;1;2016-05-02
73539,17;in hac habitasse platea dictumst aliquam augue quam;1;2000-11-08
35056,62;in lectus pellentesque at nulla suspendisse potenti;1;2010-07-16
38107,61;metus arcu adipiscing molestie hendrerit at vulputate;1;2005-06-21
65990,40;orci luctus et ultrices posuere;1;2011-01-14
1062,49;vel nisl duis ac nibh fusce lacus purus aliquet;1;2007-01-05
43443,54;blandit non interdum in ante vestibulum ante;2;2016-10-10
58691,38;id massa id nisl venenatis lacinia;1;2008-03-15
24891,45;eget congue eget semper rutrum nulla nunc;1;2009-11-05
20679,65;fusce consequat nulla nisl nunc nisl duis bibendum felis;2;2018-05-13
50619,33;est congue elementum in hac habitasse platea dictumst;2;2004-06-20
77076,55;ipsum praesent blandit lacinia erat vestibulum sed magna;1;2005-06-24
44577,86;turpis sed ante vivamus tortor duis mattis;1;2007-12-07
68442,76;porttitor lacus at turpis donec posuere metus vitae;2;2016-05-19
76422,28;nullam orci pede venenatis non sodales sed tincidunt eu felis;1;2014-06-03
18907,38;at velit eu est congue elementum in hac;2;2015-08-08
98250,36;amet eros suspendisse accumsan tortor quis turpis sed ante vivamus;1;2008-06-10
10771,54;odio donec vitae nisi nam ultrices;1;2017-08-25
34473,93;curae nulla dapibus dolor vel;1;2014-07-11
41520,06;hac habitasse platea dictumst aliquam augue quam sollicitudin vitae consectetuer;1;2007-11-03
31718,49;sapien placerat ante nulla justo;2;2002-10-12
72448,73;nec molestie sed justo pellentesque viverra;2;2009-05-01
37277,46;nullam porttitor lacus at turpis donec;1;2014-02-28
29856,56;suscipit a feugiat et eros vestibulum;1;2003-06-13
72693,59;tempor convallis nulla neque libero convallis eget eleifend luctus;2;2013-08-01
68959,96;rutrum at lorem integer tincidunt ante vel ipsum praesent blandit;2;2014-01-03
3194,99;dignissim vestibulum vestibulum ante ipsum primis in;2;2002-07-25
25094,49;ornare imperdiet sapien urna pretium;2;2000-06-25
73997,58;accumsan tortor quis turpis sed ante vivamus tortor duis mattis;1;2003-02-11
2251,68;lacinia eget tincidunt eget tempus vel pede morbi;1;2010-12-29
85420,77;at velit eu est congue elementum in hac habitasse;2;2002-03-21
26696,62;ante vel ipsum praesent blandit lacinia;2;2006-11-30
60558,24;morbi a ipsum integer a;2;2004-02-20
67325,25;sagittis nam congue risus semper porta volutpat quam;2;2005-02-05
5474,60;consequat nulla nisl nunc nisl;1;2016-08-29
67609,60;cras non velit nec nisi;1;2017-07-15
15207,07;consectetuer eget rutrum at lorem integer tincidunt ante vel;1;2008-05-16
72994,00;nec nisi volutpat eleifend donec ut dolor;1;2011-05-31
32483,50;in congue etiam justo etiam pretium iaculis justo;2;2014-06-05
4353,51;consequat morbi a ipsum integer a nibh in;2;2014-08-13
33288,94;morbi a ipsum integer a nibh;2;2009-05-25
50446,80;nisl ut volutpat sapien arcu sed augue aliquam;1;2000-06-09
58495,79;phasellus sit amet erat nulla;1;2000-03-29
84439,37;tristique fusce congue diam id ornare;2;2019-01-08
96905,70;aliquet pulvinar sed nisl nunc rhoncus;1;2011-03-25
2943,24;cum sociis natoque penatibus et magnis dis parturient montes nascetur;1;2012-11-29
85717,08;pretium iaculis diam erat fermentum justo nec condimentum neque sapien;2;2008-11-07
53925,89;vel est donec odio justo sollicitudin ut suscipit a feugiat;2;2012-05-16
40822,78;semper est quam pharetra magna ac consequat metus sapien;2;2000-06-12
84065,94;sapien cursus vestibulum proin eu mi nulla ac enim;2;2009-02-22
61677,75;ac neque duis bibendum morbi;2;2015-11-20
83180,59;duis faucibus accumsan odio curabitur convallis duis consequat;2;2011-05-17
92678,42;montes nascetur ridiculus mus etiam vel augue;2;2008-08-18
46100,12;luctus et ultrices posuere cubilia curae nulla;2;2005-05-11
67518,34;sapien dignissim vestibulum vestibulum ante ipsum primis in;2;2007-09-19
27624,17;non interdum in ante vestibulum ante ipsum;2;2003-01-02
74562,23;nec euismod scelerisque quam turpis adipiscing lorem vitae;2;2010-08-19
40073,99;odio curabitur convallis duis consequat dui;2;2008-02-23
20330,47;velit id pretium iaculis diam;2;2001-08-05
32957,05;vehicula condimentum curabitur in libero ut;2;2016-10-30
89107,61;in sapien iaculis congue vivamus metus;2;2010-06-12
22203,11;non quam nec dui luctus rutrum nulla tellus;2;2003-07-04
40424,16;a libero nam dui proin;1;2003-07-05
69458,77;convallis eget eleifend luctus ultricies eu nibh;2;2008-05-03
10959,90;in libero ut massa volutpat convallis morbi;1;2018-10-28
29261,10;molestie sed justo pellentesque viverra pede;1;2010-03-24
16840,33;consequat in consequat ut nulla sed accumsan felis ut at;1;2004-09-17
20414,08;id turpis integer aliquet massa id lobortis convallis tortor risus;2;2003-11-13
38029,28;pede justo lacinia eget tincidunt;2;2013-07-09
41986,47;id nulla ultrices aliquet maecenas leo odio condimentum;1;2010-04-25
42064,98;non velit donec diam neque vestibulum eget vulputate;2;2017-12-16
84130,74;sit amet justo morbi ut odio;2;2013-11-17
25614,40;primis in faucibus orci luctus et ultrices posuere cubilia;1;2000-06-03
98767,59;ante ipsum primis in faucibus orci luctus et;1;2018-03-20
19709,94;amet sem fusce consequat nulla nisl nunc nisl duis;2;2016-08-15
98989,32;auctor sed tristique in tempus sit;1;2011-02-16
20142,14;ipsum dolor sit amet consectetuer adipiscing elit proin interdum mauris;2;2001-01-02
79668,83;maecenas tristique est et tempus semper est;1;2005-08-31
56681,49;erat fermentum justo nec condimentum neque sapien placerat;2;2000-03-26
17732,84;ac enim in tempor turpis nec euismod;1;2003-03-06
90007,18;at lorem integer tincidunt ante vel ipsum;2;2005-06-21
76117,16;ac nibh fusce lacus purus aliquet at feugiat non;1;2010-01-28
28636,53;molestie hendrerit at vulputate vitae nisl;1;2006-10-24
44382,21;in faucibus orci luctus et;2;2015-09-16
76938,52;eu nibh quisque id justo sit amet sapien dignissim;1;2001-07-19
84078,94;sodales scelerisque mauris sit amet eros;1;2001-04-08
77867,37;consectetuer eget rutrum at lorem integer;2;2005-09-03
93405,40;nulla neque libero convallis eget;2;2001-01-22
28576,39;venenatis non sodales sed tincidunt eu felis;1;2008-05-09
68643,57;at nibh in hac habitasse platea dictumst aliquam augue;2;2005-09-08
43465,54;aliquet maecenas leo odio condimentum id luctus nec;2;2006-02-06
74968,74;diam erat fermentum justo nec condimentum;2;2003-01-14
5365,68;erat volutpat in congue etiam justo etiam pretium;2;2002-03-05
88412,83;mauris laoreet ut rhoncus aliquet pulvinar sed nisl nunc;2;2017-08-17
53593,73;erat nulla tempus vivamus in felis eu;1;2012-12-06
18951,59;aliquet pulvinar sed nisl nunc rhoncus dui vel sem sed;2;2003-06-02
68650,36;dictumst etiam faucibus cursus urna;2;2004-09-07
93049,88;eros vestibulum ac est lacinia nisi venenatis tristique fusce congue;2;2003-11-26
63815,56;turpis sed ante vivamus tortor duis mattis egestas metus aenean;1;2007-06-20
96040,60;ut nulla sed accumsan felis ut at dolor quis;1;2002-06-17
55367,65;sem sed sagittis nam congue risus semper porta volutpat quam;1;2002-06-03
60094,38;justo in hac habitasse platea;1;2018-04-11
67222,87;nulla sed vel enim sit amet nunc viverra dapibus nulla;1;2004-05-27
326,25;eget massa tempor convallis nulla;1;2016-10-27
9579,22;sagittis nam congue risus semper porta volutpat quam pede lobortis;1;2012-03-21
38963,20;turpis nec euismod scelerisque quam;1;2014-06-26
20937,47;at velit eu est congue;2;2009-12-28
72684,50;tincidunt nulla mollis molestie lorem quisque ut erat curabitur gravida;1;2011-09-16
46059,90;purus phasellus in felis donec semper sapien a libero nam;1;2003-11-13
15292,49;phasellus id sapien in sapien iaculis congue vivamus;1;2006-08-21
74405,42;sapien quis libero nullam sit amet turpis elementum;1;2001-03-12
56944,28;ipsum praesent blandit lacinia erat vestibulum sed;1;2000-03-10
32832,65;dui luctus rutrum nulla tellus in sagittis dui vel nisl;2;2017-02-19
38436,84;eros suspendisse accumsan tortor quis turpis sed;1;2018-12-04
67653,07;ligula suspendisse ornare consequat lectus in est risus;1;2007-12-29
50358,68;curae duis faucibus accumsan odio curabitur convallis duis;2;2006-08-13
88857,16;est lacinia nisi venenatis tristique fusce congue diam;1;2002-08-16
38630,71;enim lorem ipsum dolor sit amet;2;2001-05-13
46498,29;ornare imperdiet sapien urna pretium nisl ut volutpat;2;2016-03-08
6438,61;nunc donec quis orci eget orci vehicula condimentum curabitur in;2;2015-12-20
59117,71;nunc vestibulum ante ipsum primis in faucibus orci;2;2013-06-07
98289,10;tellus nisi eu orci mauris lacinia;2;2003-11-26
38774,31;eget vulputate ut ultrices vel augue;1;2012-01-11
3633,59;ante nulla justo aliquam quis turpis;2;2013-10-02
55918,64;sapien varius ut blandit non interdum;2;2006-09-16
30450,71;in sapien iaculis congue vivamus metus;2;2001-11-15
48555,04;porttitor lorem id ligula suspendisse ornare consequat;2;2016-03-06
22286,63;nunc nisl duis bibendum felis sed interdum venenatis turpis;2;2006-01-27
88827,86;at nulla suspendisse potenti cras;2;2001-05-07
39594,25;in faucibus orci luctus et ultrices posuere cubilia curae;2;2007-06-19
86382,61;proin at turpis a pede posuere;2;2007-12-13
6963,33;augue aliquam erat volutpat in congue etiam justo etiam pretium;1;2002-10-13
48662,94;aliquet maecenas leo odio condimentum id luctus nec;2;2018-03-05
88088,17;consequat dui nec nisi volutpat eleifend donec;2;2009-12-28
94589,74;metus sapien ut nunc vestibulum ante ipsum;2;2000-09-20
48128,59;vestibulum rutrum rutrum neque aenean auctor gravida sem;2;2004-06-30
97150,47;sed lacus morbi sem mauris laoreet ut rhoncus aliquet;1;2002-05-09
22987,12;justo lacinia eget tincidunt eget tempus vel pede morbi;1;2011-07-07
56037,91;eu nibh quisque id justo;2;2004-02-23
41426,44;lobortis vel dapibus at diam nam tristique tortor eu;1;2003-11-12
81134,91;sed lacus morbi sem mauris laoreet ut rhoncus aliquet pulvinar;1;2012-09-13
50932,87;hac habitasse platea dictumst aliquam augue quam sollicitudin vitae;1;2002-07-04
7711,92;mauris lacinia sapien quis libero nullam sit;2;2011-03-03
46741,88;dapibus augue vel accumsan tellus nisi eu;1;2004-11-05
8296,72;justo pellentesque viverra pede ac diam cras;1;2010-06-22
52830,33;blandit non interdum in ante vestibulum ante ipsum primis;2;2010-03-04
95392,65;venenatis tristique fusce congue diam id ornare imperdiet;2;2016-07-05
6414,94;massa tempor convallis nulla neque libero;1;2010-06-05
83416,26;morbi porttitor lorem id ligula suspendisse ornare consequat lectus;2;2008-03-18
7657,01;vel ipsum praesent blandit lacinia erat vestibulum sed magna;2;2017-01-19
68324,60;ut dolor morbi vel lectus in quam fringilla rhoncus mauris;2;2018-02-23
67731,84;cras mi pede malesuada in imperdiet et;1;2016-05-15
60615,46;orci luctus et ultrices posuere cubilia curae;1;2007-05-14
56954,32;porttitor pede justo eu massa donec;1;2001-08-17
54292,29;nulla sed accumsan felis ut at;1;2010-08-02
80003,29;maecenas leo odio condimentum id luctus nec;1;2012-03-27
96803,60;nullam orci pede venenatis non sodales;2;2009-07-21
71163,13;in leo maecenas pulvinar lobortis est phasellus;2;2009-10-10
54311,53;amet sem fusce consequat nulla nisl nunc;2;2011-01-13
57812,18;quam pharetra magna ac consequat metus sapien ut nunc vestibulum;2;2009-06-22
98963,41;semper interdum mauris ullamcorper purus sit amet nulla;2;2003-12-30
93895,14;maecenas leo odio condimentum id luctus nec;1;2007-10-05
8636,43;et magnis dis parturient montes nascetur ridiculus mus vivamus;2;2006-05-29
43034,29;vel lectus in quam fringilla rhoncus mauris;2;2014-10-08
46698,46;pellentesque quisque porta volutpat erat quisque;1;2011-05-06
72898,68;pede libero quis orci nullam molestie;1;2018-10-17
37556,15;vestibulum ante ipsum primis in faucibus orci luctus et ultrices;1;2017-04-18
47281,17;est lacinia nisi venenatis tristique;1;2005-07-04
13659,31;ut nulla sed accumsan felis ut at dolor quis odio;2;2003-11-12
5001,17;eleifend luctus ultricies eu nibh quisque id justo sit;2;2004-03-01
86469,77;turpis a pede posuere nonummy integer non velit donec;1;2010-05-21
5214,41;amet eleifend pede libero quis;1;2004-11-05
22037,23;ac est lacinia nisi venenatis;1;2006-11-12
42150,13;tincidunt in leo maecenas pulvinar lobortis est phasellus sit;1;2003-08-11
25874,71;natoque penatibus et magnis dis parturient;2;2018-01-24
51819,29;quisque erat eros viverra eget congue eget;2;2008-03-12
673,41;luctus cum sociis natoque penatibus et;1;2016-06-15
90612,03;ipsum praesent blandit lacinia erat vestibulum;2;2018-10-02
92000,65;nisl ut volutpat sapien arcu sed augue aliquam erat volutpat;1;2008-08-17
68200,36;duis ac nibh fusce lacus;1;2009-01-05
40889,97;ac leo pellentesque ultrices mattis;2;2004-01-06
54051,45;sem sed sagittis nam congue risus semper;2;2007-06-07
63357,06;luctus et ultrices posuere cubilia curae;2;2015-08-01
19387,81;massa quis augue luctus tincidunt nulla mollis;2;2009-02-19
4680,51;lacus morbi quis tortor id nulla ultrices aliquet;1;2002-09-02
26566,89;non mi integer ac neque duis bibendum morbi non;1;2003-05-04
58183,05;ultrices posuere cubilia curae mauris viverra diam vitae;1;2008-12-28
14828,32;dolor morbi vel lectus in;2;2002-05-06
50299,76;ut ultrices vel augue vestibulum ante ipsum primis;2;2015-03-26
10976,72;volutpat in congue etiam justo etiam pretium iaculis justo;1;2006-02-16
8854,51;rutrum nulla tellus in sagittis dui;1;2007-12-15
70679,51;proin eu mi nulla ac enim in tempor turpis nec;2;2001-03-16
94974,31;blandit non interdum in ante vestibulum ante ipsum;1;2003-01-11
22191,48;tincidunt lacus at velit vivamus vel nulla;2;2003-02-14
98590,85;pede lobortis ligula sit amet eleifend pede libero quis orci;1;2013-05-23
26514,41;ante vel ipsum praesent blandit lacinia;1;2002-06-21
62369,34;justo maecenas rhoncus aliquam lacus morbi quis tortor id nulla;2;2015-10-24
52167,55;mi pede malesuada in imperdiet et commodo vulputate justo;1;2015-03-20
1916,23;donec posuere metus vitae ipsum aliquam;1;2003-09-16
82577,64;ligula in lacus curabitur at ipsum ac tellus semper;2;2018-04-26
91857,28;quam suspendisse potenti nullam porttitor lacus at turpis donec;1;2017-08-23
30063,47;odio elementum eu interdum eu tincidunt;1;2016-05-13
40227,40;adipiscing elit proin interdum mauris non ligula pellentesque ultrices phasellus;1;2009-09-26
77113,34;odio condimentum id luctus nec molestie;1;2006-11-13
36615,24;pede justo lacinia eget tincidunt eget tempus vel;2;2017-08-09
69357,95;fringilla rhoncus mauris enim leo rhoncus sed vestibulum sit;2;2001-03-02
80372,94;non pretium quis lectus suspendisse potenti in;2;2004-11-29
76413,92;eu magna vulputate luctus cum sociis natoque penatibus et;2;2010-04-11
52856,73;mi nulla ac enim in tempor turpis nec euismod scelerisque;1;2000-07-30
5213,70;pretium nisl ut volutpat sapien arcu sed augue aliquam erat;1;2017-04-22
54587,28;suscipit nulla elit ac nulla sed vel enim sit;1;2014-12-21
42627,44;accumsan tortor quis turpis sed ante;1;2010-11-01
99991,23;maecenas ut massa quis augue;1;2001-02-19
37745,69;vel lectus in quam fringilla rhoncus mauris enim;1;2004-12-28
32952,48;nulla eget eros elementum pellentesque;1;2017-02-03
87465,97;nibh in hac habitasse platea dictumst aliquam augue quam;2;2005-05-21
94118,92;platea dictumst aliquam augue quam;1;2002-10-26
34280,71;augue a suscipit nulla elit ac nulla sed vel enim;1;2004-08-22
34791,67;pede libero quis orci nullam molestie nibh in lectus;2;2015-08-07
43950,49;maecenas tristique est et tempus semper est quam pharetra magna;2;2016-11-18
28126,17;non quam nec dui luctus;1;2010-06-13
33221,29;phasellus id sapien in sapien iaculis congue vivamus metus arcu;1;2015-03-28
17662,42;rhoncus mauris enim leo rhoncus;2;2008-12-05
1119,23;primis in faucibus orci luctus et ultrices posuere;2;2015-02-16
32271,04;lobortis vel dapibus at diam nam;2;2013-10-04
4916,98;at turpis donec posuere metus vitae ipsum;2;2010-05-01
34573,53;eget congue eget semper rutrum nulla nunc purus phasellus;2;2016-12-05
46278,83;lorem integer tincidunt ante vel;1;2015-01-05
81412,30;aliquet at feugiat non pretium quis lectus;1;2000-04-30
44230,36;vitae nisi nam ultrices libero non mattis;1;2003-01-02
91012,84;eu nibh quisque id justo sit amet sapien dignissim;2;2002-02-12
98319,50;posuere metus vitae ipsum aliquam;1;2017-02-27
67126,32;suspendisse ornare consequat lectus in est;2;2001-01-26
94957,63;ut volutpat sapien arcu sed augue aliquam erat volutpat in;1;2013-09-28
90492,89;faucibus cursus urna ut tellus nulla ut erat;1;2014-11-20
89694,81;ornare consequat lectus in est risus auctor;2;2006-12-11
12679,00;dapibus dolor vel est donec odio;1;2007-07-19
7,27;interdum mauris non ligula pellentesque ultrices phasellus id sapien in;2;2008-11-18
13665,75;nec sem duis aliquam convallis nunc proin at turpis a;2;2006-07-24
25051,50;risus semper porta volutpat quam pede lobortis ligula;1;2004-05-29
8566,89;vestibulum ante ipsum primis in faucibus orci luctus et ultrices;1;2016-11-11
57793,43;interdum in ante vestibulum ante ipsum primis;1;2000-07-26
37283,48;id consequat in consequat ut nulla sed accumsan felis;2;2014-07-25
77942,35;aliquet maecenas leo odio condimentum;1;2010-01-05
84515,52;venenatis lacinia aenean sit amet;1;2009-04-20
3222,96;orci luctus et ultrices posuere cubilia curae;1;2011-05-16
29303,32;congue diam id ornare imperdiet sapien;1;2010-08-09
5012,83;molestie hendrerit at vulputate vitae nisl;1;2000-02-21
35491,42;ut ultrices vel augue vestibulum ante ipsum primis in;2;2010-01-10
29306,57;nibh ligula nec sem duis aliquam convallis nunc proin at;2;2000-02-14
31107,01;in leo maecenas pulvinar lobortis;1;2000-08-11
8004,82;sodales scelerisque mauris sit amet eros suspendisse accumsan;2;2009-05-10
14398,89;auctor gravida sem praesent id massa;2;2003-07-06
62737,67;erat nulla tempus vivamus in felis eu sapien cursus vestibulum;1;2001-08-11
99965,76;sem mauris laoreet ut rhoncus aliquet pulvinar sed nisl;2;2013-07-03
92595,52;mattis nibh ligula nec sem duis aliquam convallis;2;2014-02-11
59784,87;lectus suspendisse potenti in eleifend;1;2006-07-01
64879,86;platea dictumst morbi vestibulum velit id pretium iaculis;1;2008-10-06
81354,91;nulla eget eros elementum pellentesque quisque;1;2010-04-22
15381,01;duis ac nibh fusce lacus purus aliquet at feugiat non;2;2011-07-04
67059,61;lectus aliquam sit amet diam in magna;1;2007-06-01
78846,48;pede lobortis ligula sit amet eleifend pede libero quis orci;2;2002-06-21
70907,71;pede morbi porttitor lorem id ligula;2;2007-04-16
32727,46;nulla neque libero convallis eget eleifend luctus;1;2008-11-15
40715,64;sit amet sem fusce consequat nulla nisl nunc nisl;2;2011-08-27
44144,13;pretium iaculis diam erat fermentum justo nec condimentum neque;1;2012-07-27
57887,72;in felis donec semper sapien a libero nam;1;2010-12-10
73424,40;sapien urna pretium nisl ut volutpat sapien arcu;2;2009-08-02
15101,83;orci nullam molestie nibh in;2;2009-06-12
15351,43;mauris viverra diam vitae quam suspendisse potenti nullam porttitor;2;2008-10-10
66163,62;quis justo maecenas rhoncus aliquam lacus morbi quis;1;2006-07-28
54165,04;at velit vivamus vel nulla eget eros elementum pellentesque quisque;2;2016-02-06
12159,06;lorem quisque ut erat curabitur gravida nisi;1;2016-05-19
30650,76;cras in purus eu magna vulputate luctus cum;2;2004-08-11
50314,52;sem fusce consequat nulla nisl nunc;2;2018-08-19
78863,28;non sodales sed tincidunt eu felis fusce posuere;2;2009-05-20
82174,90;nullam sit amet turpis elementum ligula vehicula consequat;1;2009-10-02
27076,75;nunc purus phasellus in felis donec;2;2012-04-15
93655,50;eu magna vulputate luctus cum sociis natoque penatibus et magnis;2;2011-10-19
55840,45;adipiscing elit proin risus praesent lectus vestibulum;1;2013-07-16
46346,91;a odio in hac habitasse platea;1;2009-02-04
29921,19;sed justo pellentesque viverra pede;2;2011-02-04
93537,72;sapien sapien non mi integer ac neque duis bibendum;2;2018-08-27
57517,96;pede venenatis non sodales sed tincidunt;2;2004-03-27
57207,50;nulla sed vel enim sit amet;2;2006-03-23
81882,58;vivamus vestibulum sagittis sapien cum;2;2012-11-28
94227,84;etiam justo etiam pretium iaculis justo in hac habitasse platea;2;2001-09-12
99562,21;ut tellus nulla ut erat id;1;2005-06-08
54801,70;integer a nibh in quis justo maecenas rhoncus;2;2006-04-18
3826,27;mauris enim leo rhoncus sed vestibulum sit;1;2001-03-24
61286,45;adipiscing lorem vitae mattis nibh ligula nec;2;2008-04-07
86773,67;iaculis justo in hac habitasse platea;2;2007-07-28
77223,54;aliquam convallis nunc proin at turpis a pede posuere nonummy;1;2013-09-27
51773,76;etiam justo etiam pretium iaculis justo in hac habitasse;1;2012-02-04
45199,86;eget orci vehicula condimentum curabitur in libero ut massa;2;2006-05-18
38203,59;mauris eget massa tempor convallis nulla neque libero convallis;1;2003-07-05
54621,49;et eros vestibulum ac est lacinia;2;2004-10-11
48752,58;vestibulum velit id pretium iaculis;1;2010-10-29
4690,91;felis eu sapien cursus vestibulum proin;1;2005-05-27
3353,30;vestibulum rutrum rutrum neque aenean auctor gravida sem praesent id;1;2014-10-19
54641,77;consequat lectus in est risus;2;2012-02-01
43952,53;quisque erat eros viverra eget congue eget semper rutrum nulla;1;2016-11-17
83372,73;duis ac nibh fusce lacus purus;1;2009-08-08
47341,83;euismod scelerisque quam turpis adipiscing lorem vitae mattis nibh;2;2017-05-09
40972,19;eleifend pede libero quis orci nullam;1;2012-11-14
40019,99;suspendisse potenti cras in purus eu magna;2;2013-11-03
73703,64;in leo maecenas pulvinar lobortis;1;2012-07-07
47060,51;urna pretium nisl ut volutpat sapien;2;2003-08-21
79578,02;est et tempus semper est quam pharetra;2;2003-05-22
59447,91;sapien cursus vestibulum proin eu mi;1;2002-07-24
77422,49;curabitur at ipsum ac tellus semper interdum mauris;2;2007-07-28
47834,47;fusce congue diam id ornare imperdiet sapien;2;2001-10-23
2890,13;convallis eget eleifend luctus ultricies eu nibh;2;2001-01-20
51733,80;nulla tellus in sagittis dui vel nisl duis ac nibh;2;2011-05-16
58316,19;nam congue risus semper porta volutpat quam pede;1;2003-07-27
54442,85;elit sodales scelerisque mauris sit amet eros suspendisse accumsan tortor;2;2015-05-31
14858,63;nam congue risus semper porta volutpat;1;2004-12-15
97329,63;morbi sem mauris laoreet ut rhoncus aliquet;2;2010-05-07
73830,07;ut erat curabitur gravida nisi;1;2009-06-20
82109,57;sem duis aliquam convallis nunc proin;2;2004-04-22
53668,14;consectetuer adipiscing elit proin risus praesent;1;2004-10-30
43356,59;felis fusce posuere felis sed;2;2008-01-28
45579,94;nam nulla integer pede justo lacinia eget;2;2016-03-09
44545,21;lacus at velit vivamus vel nulla eget;2;2000-06-26
95119,93;semper sapien a libero nam dui proin leo odio porttitor;1;2001-08-13
98008,74;lorem id ligula suspendisse ornare consequat lectus in est;2;2014-05-15
76010,90;neque libero convallis eget eleifend luctus ultricies eu nibh;2;2010-12-24
36758,81;diam neque vestibulum eget vulputate;2;2012-02-24
61369,00;at velit vivamus vel nulla eget eros elementum pellentesque;1;2005-11-14
22792,41;vestibulum ante ipsum primis in faucibus orci luctus et ultrices;2;2012-03-20
39666,52;congue eget semper rutrum nulla nunc purus;1;2002-05-24
63623,40;lectus pellentesque at nulla suspendisse potenti cras in purus eu;1;2016-05-08
91550,37;aliquam quis turpis eget elit sodales scelerisque mauris;1;2003-12-10
33110,51;in faucibus orci luctus et ultrices posuere cubilia;1;2009-10-17
28968,66;felis ut at dolor quis odio consequat varius;2;2016-11-24
1527,92;dui vel sem sed sagittis;2;2017-07-13
14814,58;semper est quam pharetra magna;1;2002-05-31
77776,94;magna ac consequat metus sapien ut nunc vestibulum ante;1;2000-09-09
28704,25;morbi quis tortor id nulla;1;2000-04-26
43912,55;et ultrices posuere cubilia curae nulla dapibus;1;2013-01-14
35316,85;praesent id massa id nisl;2;2012-10-28
77562,84;luctus rutrum nulla tellus in sagittis dui vel nisl duis;2;2003-04-15
8551,11;ante vivamus tortor duis mattis egestas metus;1;2007-12-15
84665,05;viverra dapibus nulla suscipit ligula in lacus;1;2006-06-05
23563,09;congue vivamus metus arcu adipiscing;2;2001-08-11
12491,69;egestas metus aenean fermentum donec;2;2017-01-27
36672,62;elementum pellentesque quisque porta volutpat erat quisque erat;2;2007-09-18
75639,82;turpis nec euismod scelerisque quam turpis adipiscing lorem vitae;1;2001-01-13
55308,26;amet eleifend pede libero quis orci nullam molestie nibh;2;2000-06-04
47860,16;placerat praesent blandit nam nulla integer pede;2;2006-10-19
52750,70;orci luctus et ultrices posuere cubilia;1;2000-05-04
76102,14;nonummy maecenas tincidunt lacus at velit vivamus;1;2014-07-27
4531,11;turpis elementum ligula vehicula consequat morbi a ipsum integer;2;2018-05-07
54855,65;sapien iaculis congue vivamus metus;1;2009-11-28
1922,76;primis in faucibus orci luctus et ultrices;2;2003-06-12
39399,77;vel accumsan tellus nisi eu orci;2;2016-01-02
57240,47;cras mi pede malesuada in imperdiet et commodo vulputate justo;2;2001-06-21
50321,05;mi pede malesuada in imperdiet et commodo;1;2011-08-13
58801,75;cras pellentesque volutpat dui maecenas;1;2015-11-02
82577,95;consequat in consequat ut nulla sed accumsan felis ut at;1;2006-12-23
57399,14;semper sapien a libero nam dui proin leo odio;2;2009-08-07
80016,88;natoque penatibus et magnis dis;1;2006-05-18
90079,73;erat fermentum justo nec condimentum neque sapien;2;2003-10-30
74930,25;lobortis ligula sit amet eleifend pede libero quis;1;2017-11-17
69422,19;leo rhoncus sed vestibulum sit amet cursus id turpis integer;1;2005-12-06
44838,24;a feugiat et eros vestibulum ac est lacinia nisi venenatis;2;2008-02-27
61819,85;massa volutpat convallis morbi odio;1;2000-01-24
93921,50;sit amet sem fusce consequat;1;2010-04-24
76729,83;parturient montes nascetur ridiculus mus etiam;1;2001-05-17
2063,81;aenean lectus pellentesque eget nunc donec quis orci eget orci;2;2013-07-11
65776,37;bibendum imperdiet nullam orci pede venenatis non sodales sed;2;2012-09-11
41048,37;adipiscing lorem vitae mattis nibh ligula nec sem;1;2001-04-20
34747,99;nulla justo aliquam quis turpis eget elit;2;2007-09-19
99651,57;praesent blandit lacinia erat vestibulum sed magna at nunc commodo;2;2000-05-28
51721,17;blandit ultrices enim lorem ipsum dolor sit amet consectetuer;2;2016-02-21
53981,92;platea dictumst morbi vestibulum velit id pretium iaculis;1;2007-01-17
94026,53;neque sapien placerat ante nulla justo aliquam quis turpis eget;1;2018-06-16
99049,20;est lacinia nisi venenatis tristique fusce congue diam id ornare;1;2005-03-13
58177,15;leo rhoncus sed vestibulum sit amet cursus id turpis integer;2;2016-01-30
46987,04;purus phasellus in felis donec semper sapien a libero;2;2003-11-21
46083,34;mi in porttitor pede justo eu massa donec;1;2018-07-10
70114,31;iaculis justo in hac habitasse platea dictumst;2;2017-12-10
9965,21;leo odio porttitor id consequat;1;2005-07-30
27107,34;pharetra magna vestibulum aliquet ultrices erat tortor;1;2003-09-22
49053,95;velit id pretium iaculis diam erat;1;2003-11-06
35883,99;nibh quisque id justo sit amet;2;2005-10-31
65297,14;faucibus orci luctus et ultrices;2;2010-11-15
92761,38;libero nam dui proin leo odio porttitor;2;2014-08-15
55599,30;suspendisse potenti nullam porttitor lacus at;2;2003-05-06
19346,43;nunc vestibulum ante ipsum primis in;2;2003-11-13
19095,82;ut massa volutpat convallis morbi odio odio elementum;1;2013-08-26
81955,56;odio porttitor id consequat in consequat;1;2004-06-02
1211,63;commodo placerat praesent blandit nam nulla integer pede justo lacinia;1;2004-08-22
35290,42;nulla integer pede justo lacinia eget tincidunt eget;1;2009-04-09
25013,90;sagittis nam congue risus semper porta volutpat;1;2016-07-21
99385,60;ut erat id mauris vulputate elementum nullam varius nulla facilisi;1;2015-02-28
15408,36;aliquam sit amet diam in magna bibendum imperdiet;2;2001-10-22
70530,74;est risus auctor sed tristique in;1;2010-02-19
94926,42;mi nulla ac enim in tempor turpis nec euismod scelerisque;1;2017-09-29
98198,35;metus arcu adipiscing molestie hendrerit at vulputate vitae;2;2001-05-14
66056,69;dui proin leo odio porttitor;1;2016-08-23
25034,17;enim blandit mi in porttitor pede justo;2;2018-09-23
68878,29;justo in blandit ultrices enim lorem;1;2005-03-11
2060,40;in sapien iaculis congue vivamus metus arcu adipiscing molestie;1;2018-08-03
22115,49;viverra eget congue eget semper rutrum nulla nunc;1;2010-10-11
99026,05;rhoncus aliquam lacus morbi quis tortor id nulla ultrices aliquet;2;2013-09-15
27062,86;in magna bibendum imperdiet nullam orci pede;2;2007-10-23
43582,10;ligula nec sem duis aliquam convallis;2;2009-10-23
97426,38;accumsan tellus nisi eu orci;2;2007-10-20
23365,44;viverra dapibus nulla suscipit ligula in lacus curabitur at;2;2008-05-06
88006,64;augue quam sollicitudin vitae consectetuer eget;2;2002-02-09
61819,71;praesent lectus vestibulum quam sapien varius ut blandit;1;2002-01-20
10304,47;vestibulum ante ipsum primis in;1;2013-12-20
93583,65;tortor sollicitudin mi sit amet lobortis sapien;2;2018-03-26
64311,62;ultrices libero non mattis pulvinar nulla pede ullamcorper augue;2;2018-01-22
69147,95;orci luctus et ultrices posuere cubilia;2;2015-05-26
95119,81;et tempus semper est quam pharetra magna ac consequat;1;2002-11-15
58233,22;vulputate justo in blandit ultrices enim lorem;1;2011-11-01
74561,11;consequat dui nec nisi volutpat;2;2011-06-20
61522,40;justo eu massa donec dapibus;1;2005-05-26
36708,67;rhoncus dui vel sem sed sagittis nam;2;2006-04-09
81220,35;maecenas leo odio condimentum id luctus nec;2;2003-08-30
33277,00;dolor quis odio consequat varius;2;2001-12-17
80370,36;in congue etiam justo etiam pretium iaculis justo in hac;2;2018-07-04
10115,02;volutpat erat quisque erat eros viverra eget;2;2001-08-28
85478,56;iaculis congue vivamus metus arcu;1;2018-02-01
39823,08;eu massa donec dapibus duis at;1;2007-04-17
8748,48;leo rhoncus sed vestibulum sit amet;2;2018-02-04
72867,05;lacus curabitur at ipsum ac;2;2008-07-05
78546,76;sapien cum sociis natoque penatibus et magnis dis parturient;1;2005-08-20
80375,72;libero quis orci nullam molestie;1;2000-04-10
14706,22;lectus suspendisse potenti in eleifend;2;2004-12-18
90240,23;a ipsum integer a nibh in quis;2;2014-01-30
89369,91;pede malesuada in imperdiet et commodo vulputate justo;1;2018-10-13
4954,74;nunc vestibulum ante ipsum primis in faucibus orci luctus;2;2012-09-04
20804,83;posuere nonummy integer non velit donec diam;2;2011-11-25
95115,69;at velit eu est congue elementum in hac;1;2005-12-30
89217,13;odio cras mi pede malesuada;1;2015-06-26
64532,12;aliquam augue quam sollicitudin vitae consectetuer eget;1;2005-09-04
98184,45;eget tempus vel pede morbi porttitor;2;2001-11-01
62139,19;sagittis sapien cum sociis natoque penatibus et magnis dis;2;2007-07-09
53480,93;odio justo sollicitudin ut suscipit a feugiat et eros;1;2003-12-01
87733,52;quisque arcu libero rutrum ac lobortis vel dapibus at diam;1;2015-08-21
85779,81;non ligula pellentesque ultrices phasellus;2;2017-10-01
10734,73;libero convallis eget eleifend luctus ultricies eu;2;2015-02-20
32344,98;praesent lectus vestibulum quam sapien varius ut blandit non;1;2008-09-07
36180,79;donec ut dolor morbi vel lectus in quam;1;2004-10-17
55555,61;magnis dis parturient montes nascetur ridiculus mus;1;2010-08-24
33962,92;duis bibendum morbi non quam nec dui luctus;1;2001-11-07
78789,01;consequat ut nulla sed accumsan felis ut at;2;2006-11-03
46068,97;lorem integer tincidunt ante vel ipsum praesent blandit lacinia erat;1;2010-07-22
98292,62;tortor risus dapibus augue vel accumsan tellus nisi eu orci;2;2016-04-01
54971,23;sollicitudin mi sit amet lobortis sapien sapien non mi integer;1;2014-03-19
12092,87;ut massa volutpat convallis morbi odio odio elementum;1;2009-08-19
69662,83;ornare imperdiet sapien urna pretium nisl ut volutpat;1;2002-08-27
44407,31;vivamus metus arcu adipiscing molestie hendrerit at vulputate vitae;2;2009-09-13
41192,68;mauris viverra diam vitae quam suspendisse potenti nullam porttitor;2;2017-10-18
51094,95;mus vivamus vestibulum sagittis sapien cum sociis natoque penatibus;2;2018-10-31
52691,20;consequat in consequat ut nulla sed accumsan;1;2018-02-01
64019,11;mattis pulvinar nulla pede ullamcorper augue a;1;2012-05-06
73120,54;sed vel enim sit amet nunc viverra;2;2017-11-19
26708,90;integer ac neque duis bibendum morbi non;1;2007-01-03
34205,94;quam pede lobortis ligula sit amet;1;2007-10-12
37892,70;congue etiam justo etiam pretium iaculis justo in;1;2003-09-05
9944,15;parturient montes nascetur ridiculus mus vivamus;1;2014-10-13
20854,20;hac habitasse platea dictumst maecenas ut massa quis augue luctus;1;2010-12-26
74797,70;congue elementum in hac habitasse platea dictumst morbi vestibulum;2;2013-02-01
70103,00;consectetuer eget rutrum at lorem integer tincidunt ante vel;2;2006-01-28
35083,68;amet consectetuer adipiscing elit proin interdum mauris;1;2013-08-09
56090,40;cum sociis natoque penatibus et magnis;1;2002-08-28
44092,53;mauris non ligula pellentesque ultrices phasellus;1;2016-03-03
65895,21;convallis nunc proin at turpis a pede posuere nonummy;1;2003-04-17
13091,94;sit amet eleifend pede libero quis orci nullam;1;2012-03-25
79339,77;ut erat id mauris vulputate elementum nullam varius nulla;1;2012-11-01
28376,49;eu felis fusce posuere felis sed lacus morbi;1;2015-04-14
13353,73;curabitur gravida nisi at nibh in hac habitasse;2;2009-01-30
12276,44;consequat metus sapien ut nunc vestibulum ante ipsum;2;2004-12-21
6130,93;libero convallis eget eleifend luctus ultricies eu;2;2000-03-18
7757,46;massa tempor convallis nulla neque libero convallis eget;1;2002-11-07
95759,17;rhoncus dui vel sem sed sagittis nam congue;1;2014-07-02
5299,44;quam sapien varius ut blandit non interdum in;1;2008-07-14
24849,68;ac consequat metus sapien ut nunc vestibulum;1;2011-10-03
8944,55;mauris enim leo rhoncus sed vestibulum sit amet cursus id;1;2005-07-21
10290,04;faucibus orci luctus et ultrices posuere cubilia curae duis;1;2018-07-27
57334,58;cum sociis natoque penatibus et magnis dis parturient montes nascetur;2;2007-04-25
80869,51;sed tincidunt eu felis fusce;1;2014-06-08
30193,63;eros viverra eget congue eget semper rutrum nulla;1;2006-03-19
32669,88;amet erat nulla tempus vivamus in felis;1;2005-06-21
69204,02;ante vestibulum ante ipsum primis;2;2003-07-26
30729,95;commodo vulputate justo in blandit ultrices enim lorem ipsum dolor;2;2006-07-19
61645,63;curae duis faucibus accumsan odio;1;2005-01-14
51619,07;ac enim in tempor turpis nec euismod scelerisque quam turpis;2;2011-02-09
66844,50;cursus id turpis integer aliquet massa id lobortis convallis;2;2006-12-07
43029,41;elementum eu interdum eu tincidunt;1;2005-11-01
96672,21;cubilia curae donec pharetra magna vestibulum aliquet;1;2000-04-09
53530,63;in blandit ultrices enim lorem ipsum dolor;2;2010-05-18
81742,59;donec odio justo sollicitudin ut suscipit a feugiat et;2;2001-04-15
66402,91;quis lectus suspendisse potenti in eleifend quam a odio in;1;2018-07-20
